-- phpMyAdmin SQL Dump
-- version 5.2.1
-- https://www.phpmyadmin.net/
--
-- Servidor: 127.0.0.1
-- Tiempo de generación: 26-11-2024 a las 13:34:01
-- Versión del servidor: 10.4.28-MariaDB
-- Versión de PHP: 8.2.4

SET SQL_MODE = "NO_AUTO_VALUE_ON_ZERO";
START TRANSACTION;
SET time_zone = "+00:00";


/*!40101 SET @OLD_CHARACTER_SET_CLIENT=@@CHARACTER_SET_CLIENT */;
/*!40101 SET @OLD_CHARACTER_SET_RESULTS=@@CHARACTER_SET_RESULTS */;
/*!40101 SET @OLD_COLLATION_CONNECTION=@@COLLATION_CONNECTION */;
/*!40101 SET NAMES utf8mb4 */;

--
-- Base de datos: `proyecto`
--

-- --------------------------------------------------------

--
-- Estructura de tabla para la tabla `asociados`
--

CREATE TABLE `asociados` (
  `id` int(11) NOT NULL,
  `nombre` varchar(255) NOT NULL,
  `logo` varchar(255) DEFAULT NULL,
  `descripcion` text DEFAULT NULL
) ENGINE=InnoDB DEFAULT CHARSET=utf8 COLLATE=utf8_spanish_ci;

--
-- Volcado de datos para la tabla `asociados`
--

INSERT INTO `asociados` (`id`, `nombre`, `logo`, `descripcion`) VALUES
(1, 'Purina', 'Purina-Logo.png', ''),
(2, 'Cbse', 'cbse.jpg', ''),
(3, 'Nestle', 'nestle.jpg', ''),
(4, 'Nvidia', 'nvidiaLogo.png', ''),
(5, 'Mercado Libre', 'logo.png', '');

-- --------------------------------------------------------

--
-- Estructura de tabla para la tabla `categorias`
--

CREATE TABLE `categorias` (
  `id` int(11) NOT NULL,
  `nombre` varchar(255) NOT NULL,
  `numImagenes` int(11) NOT NULL DEFAULT 0
) ENGINE=InnoDB DEFAULT CHARSET=utf8 COLLATE=utf8_spanish_ci;

--
-- Volcado de datos para la tabla `categorias`
--

INSERT INTO `categorias` (`id`, `nombre`, `numImagenes`) VALUES
(1, 'Categoria 1', 4),
(2, 'Categoria 2', 3),
(3, 'Categoria 3', 3);

-- --------------------------------------------------------

--
-- Estructura de tabla para la tabla `imagenes`
--

CREATE TABLE `imagenes` (
  `id` int(11) NOT NULL,
  `nombre` varchar(255) NOT NULL,
  `descripcion` text DEFAULT NULL,
  `numVisualizaciones` int(11) DEFAULT 0,
  `numLikes` int(11) DEFAULT 0,
  `numDescargas` int(11) DEFAULT 0,
  `categoria` int(11) NOT NULL
) ENGINE=InnoDB DEFAULT CHARSET=utf8 COLLATE=utf8_spanish_ci;

--
-- Volcado de datos para la tabla `imagenes`
--

INSERT INTO `imagenes` (`id`, `nombre`, `descripcion`, `numVisualizaciones`, `numLikes`, `numDescargas`, `categoria`) VALUES
(50, 'avatar1(1).png', '', 0, 0, 0, 1),
(51, 'avatar2(1).png', '', 0, 0, 0, 2),
(52, 'avatar3(1).png', '', 0, 0, 0, 3),
(53, 'avatar5.png', '', 0, 0, 0, 1),
(54, 'avatar6(2).png', '', 0, 0, 0, 1),
(55, 'avatar7.png', '', 0, 0, 0, 2),
(56, 'avatar10(3).png', '', 0, 0, 0, 3),
(57, 'avatar9(1).png', '', 0, 0, 0, 2),
(58, 'avatar5(1).png', '', 0, 0, 0, 1),
(59, 'logo(1).png', '', 0, 0, 0, 3);

-- --------------------------------------------------------

--
-- Estructura de tabla para la tabla `mensajes`
--

CREATE TABLE `mensajes` (
  `id` int(11) NOT NULL,
  `nombre` varchar(255) NOT NULL,
  `apellidos` varchar(255) DEFAULT NULL,
  `asunto` varchar(255) DEFAULT NULL,
  `email` varchar(255) DEFAULT NULL,
  `texto` text DEFAULT NULL,
  `fecha` datetime DEFAULT NULL
) ENGINE=InnoDB DEFAULT CHARSET=utf8 COLLATE=utf8_spanish_ci;

--
-- Volcado de datos para la tabla `mensajes`
--

INSERT INTO `mensajes` (`id`, `nombre`, `apellidos`, `asunto`, `email`, `texto`, `fecha`) VALUES
(2, 'Nicolas', 'Alvarez', 'nicoo.alvarez03@gmail.com', 'primer mensaje', 'probando el mensaje!', '2024-11-25 01:52:34'),
(5, 'pepe', '', 'asddasd@akjshdkj.com', 'holaaa', '', '2024-11-25 01:57:41'),
(6, 'alejandro', 'lopez', 'nicoo.alvarez03@gmail.com', 'probando 2do mensaje', 'holaaaa', '2024-11-26 12:34:00');

--
-- Índices para tablas volcadas
--

--
-- Indices de la tabla `asociados`
--
ALTER TABLE `asociados`
  ADD PRIMARY KEY (`id`);

--
-- Indices de la tabla `categorias`
--
ALTER TABLE `categorias`
  ADD PRIMARY KEY (`id`);

--
-- Indices de la tabla `imagenes`
--
ALTER TABLE `imagenes`
  ADD PRIMARY KEY (`id`),
  ADD KEY `categoria` (`categoria`);

--
-- Indices de la tabla `mensajes`
--
ALTER TABLE `mensajes`
  ADD PRIMARY KEY (`id`);

--
-- AUTO_INCREMENT de las tablas volcadas
--

--
-- AUTO_INCREMENT de la tabla `asociados`
--
ALTER TABLE `asociados`
  MODIFY `id` int(11) NOT NULL AUTO_INCREMENT, AUTO_INCREMENT=6;

--
-- AUTO_INCREMENT de la tabla `categorias`
--
ALTER TABLE `categorias`
  MODIFY `id` int(11) NOT NULL AUTO_INCREMENT, AUTO_INCREMENT=7;

--
-- AUTO_INCREMENT de la tabla `imagenes`
--
ALTER TABLE `imagenes`
  MODIFY `id` int(11) NOT NULL AUTO_INCREMENT, AUTO_INCREMENT=60;

--
-- AUTO_INCREMENT de la tabla `mensajes`
--
ALTER TABLE `mensajes`
  MODIFY `id` int(11) NOT NULL AUTO_INCREMENT, AUTO_INCREMENT=7;

--
-- Restricciones para tablas volcadas
--

--
-- Filtros para la tabla `imagenes`
--
ALTER TABLE `imagenes`
  ADD CONSTRAINT `FK_CATEGORIA_IMAGEN` FOREIGN KEY (`categoria`) REFERENCES `categorias` (`id`);
COMMIT;

/*!40101 SET CHARACTER_SET_CLIENT=@OLD_CHARACTER_SET_CLIENT */;
/*!40101 SET CHARACTER_SET_RESULTS=@OLD_CHARACTER_SET_RESULTS */;
/*!40101 SET COLLATION_CONNECTION=@OLD_COLLATION_CONNECTION */;
